drop table if exists castIn;
drop table if exists actor;
drop table if exists movie;

CREATE TABLE movie (title VARCHAR(70) primary key, whenMade INTEGER);
CREATE TABLE actor (name VARCHAR(70) primary key, address INTEGER, gender VARCHAR(10));
CREATE TABLE castIn (actorName VARCHAR(70), movieTitle VARCHAR(70), salary integer, primary key (actorName, movieTitle));
alter table castIn add constraint fk1 FOREIGN KEY (actorName) REFERENCES actor(name);
alter table castIn add constraint fk2 FOREIGN KEY (movieTitle) REFERENCES movie(title);

INSERT INTO actor VALUES ('Buck Adams', 74, 'FEMALE');
INSERT INTO actor VALUES ('Don Adams', 18, 'FEMALE');
INSERT INTO actor VALUES ('Granville Adams', 57, 'FEMALE');
INSERT INTO actor VALUES ('J. B. Adams', 75, 'FEMALE');
INSERT INTO actor VALUES ('Jimmie Adams', 33, 'FEMALE');
INSERT INTO actor VALUES ('Mason Adams', 74, 'FEMALE');
INSERT INTO actor VALUES ('Victor Adamson', 82, 'MALE');
INSERT INTO actor VALUES ('Thom Adcox-Hernandez', 5, 'FEMALE');
INSERT INTO actor VALUES ('Anthony Addabbo', 7, 'FEMALE');
INSERT INTO actor VALUES ('Wesley Addy', 16, 'MALE');
INSERT INTO actor VALUES ('Debo Adegbile', 90, 'FEMALE');
INSERT INTO actor VALUES ('Paul Adelstein', 50, 'FEMALE');
INSERT INTO actor VALUES ('Lawrence Adisal', 24, 'MALE');
INSERT INTO actor VALUES ('Seth Adkins', 84, 'MALE');
INSERT INTO actor VALUES ('Bruce Adler', 40, 'MALE');
INSERT INTO actor VALUES ('Charlie Adler', 0, 'FEMALE');
INSERT INTO actor VALUES ('Jay Adler', 75, 'FEMALE');
INSERT INTO actor VALUES ('Jerry Adler', 29, 'MALE');
INSERT INTO actor VALUES ('Luther Adler', 76, 'MALE');
INSERT INTO actor VALUES ('Matt Adler', 41, 'MALE');
INSERT INTO actor VALUES ('John G. Adolfi', 61, 'MALE');
INSERT INTO actor VALUES ('Adrian Adonis', 44, 'FEMALE');
INSERT INTO actor VALUES ('Franklin Adreon', 54, 'FEMALE');
INSERT INTO actor VALUES ('Scott Adsit', 64, 'MALE');
INSERT INTO actor VALUES ('Ben Affleck', 98, 'FEMALE');
INSERT INTO actor VALUES ('Casey Affleck', 28, 'FEMALE');
INSERT INTO actor VALUES ('John Agar', 94, 'MALE');
INSERT INTO actor VALUES ('Robert Agnew', 97, 'MALE');
INSERT INTO actor VALUES ('Philip Ahn', 70, 'MALE');
INSERT INTO actor VALUES ('Charles Aidman', 12, 'MALE');
INSERT INTO actor VALUES ('Danny Aiello', 84, 'MALE');
INSERT INTO actor VALUES ('Liam Aiken', 99, 'FEMALE');
INSERT INTO actor VALUES ('Spottiswoode Aitken', 2, 'FEMALE');
INSERT INTO actor VALUES ('Franklyn Ajaye', 48, 'FEMALE');
INSERT INTO actor VALUES ('Claude Akins', 42, 'FEMALE');
INSERT INTO actor VALUES ('Marc Alaimo', 57, 'MALE');
INSERT INTO actor VALUES ('Rico Alaniz', 10, 'FEMALE');
INSERT INTO actor VALUES ('Ed Alberian', 41, 'MALE');
INSERT INTO actor VALUES ('Luis Alberni', 53, 'MALE');
INSERT INTO actor VALUES ('Eddie Albert', 75, 'FEMALE');
INSERT INTO actor VALUES ('Edward Albert', 78, 'MALE');
INSERT INTO actor VALUES ('Coit Albertson', 35, 'FEMALE');
INSERT INTO actor VALUES ('Frank Albertson', 17, 'MALE');
INSERT INTO actor VALUES ('Jack Albertson', 85, 'MALE');
INSERT INTO actor VALUES ('J. Grant Albrecht', 66, 'MALE');
INSERT INTO actor VALUES ('Gary Albright', 75, 'MALE');
INSERT INTO actor VALUES ('Hardie Albright', 40, 'FEMALE');
INSERT INTO actor VALUES ('Wally Albright', 13, 'MALE');
INSERT INTO actor VALUES ('Alejandro Alcondez', 21, 'FEMALE');
INSERT INTO actor VALUES ('Alan Alda', 7, 'FEMALE');
INSERT INTO actor VALUES ('Antony Alda', 67, 'MALE');
INSERT INTO actor VALUES ('Robert Alda', 79, 'FEMALE');
INSERT INTO actor VALUES ('Erville Alderson', 61, 'FEMALE');
INSERT INTO actor VALUES ('Fred Aldrich', 53, 'MALE');
INSERT INTO actor VALUES ('Aki Aleong', 40, 'MALE');
INSERT INTO actor VALUES ('Frank Aletter', 25, 'MALE');
INSERT INTO actor VALUES ('Jace Alexander', 82, 'FEMALE');
INSERT INTO actor VALUES ('Jason Alexander', 62, 'FEMALE');
INSERT INTO actor VALUES ('Ross Alexander', 55, 'MALE');
INSERT INTO actor VALUES ('William Alland', 45, 'FEMALE');
INSERT INTO actor VALUES ('Corey Allen', 42, 'MALE');
INSERT INTO actor VALUES ('Fred Allen', 83, 'MALE');
INSERT INTO actor VALUES ('Lester Allen', 37, 'MALE');
INSERT INTO actor VALUES ('Phillip R. Allen', 94, 'MALE');
INSERT INTO actor VALUES ('Rex Allen', 40, 'FEMALE');
INSERT INTO actor VALUES ('Tim Allen', 5, 'FEMALE');
INSERT INTO actor VALUES ('Woody Allen', 15, 'MALE');
INSERT INTO actor VALUES ('Sheldon Allman', 49, 'FEMALE');
INSERT INTO actor VALUES ('Christopher Allport', 32, 'FEMALE');
INSERT INTO actor VALUES ('Murray Alper', 58, 'FEMALE');
INSERT INTO actor VALUES ('Ike Altgens', 99, 'MALE');
INSERT INTO actor VALUES ('Bobby Alto', 66, 'FEMALE');
INSERT INTO actor VALUES ('Don Alvarado', 45, 'FEMALE');
INSERT INTO actor VALUES ('George Alvarez', 95, 'FEMALE');
INSERT INTO actor VALUES ('Kirk Alyn', 9, 'MALE');
INSERT INTO actor VALUES ('Lyle Alzado', 67, 'FEMALE');
INSERT INTO actor VALUES ('Ed Amatrudo', 9, 'MALE');
INSERT INTO actor VALUES ('Don Ameche', 60, 'MALE');
INSERT INTO actor VALUES ('Jim Ameche', 14, 'MALE');
INSERT INTO actor VALUES ('John Patrick Amedori', 37, 'FEMALE');
INSERT INTO actor VALUES ('Philip Amelio', 21, 'FEMALE');
INSERT INTO actor VALUES ('Tony Amendola', 64, 'MALE');
INSERT INTO actor VALUES ('Paul America', 73, 'MALE');
INSERT INTO actor VALUES ('Ed Ames', 34, 'FEMALE');
INSERT INTO actor VALUES ('Leon Ames', 11, 'MALE');
INSERT INTO actor VALUES ('John Amos', 59, 'MALE');
INSERT INTO actor VALUES ('Bob Amsberry', 39, 'FEMALE');
INSERT INTO actor VALUES ('Morey Amsterdam', 66, 'FEMALE');
INSERT INTO actor VALUES ('Glenn Anders', 19, 'MALE');
INSERT INTO actor VALUES ('Rudolph Anders', 43, 'FEMALE');
INSERT INTO actor VALUES ('Anthony Anderson', 64, 'MALE');
INSERT INTO actor VALUES ('Broncho Billy Anderson', 56, 'MALE');
INSERT INTO actor VALUES ('Eddie Anderson', 5, 'MALE');
INSERT INTO actor VALUES ('Ernie Anderson', 11, 'FEMALE');
INSERT INTO actor VALUES ('Gene Anderson', 20, 'MALE');
INSERT INTO actor VALUES ('Harry Anderson', 89, 'FEMALE');
INSERT INTO actor VALUES ('Haskell V. Anderson III', 49, 'MALE');
INSERT INTO actor VALUES ('Herbert Anderson', 93, 'FEMALE');
INSERT INTO actor VALUES ('Jeff Anderson', 78, 'MALE');
INSERT INTO actor VALUES ('Lew Anderson', 62, 'MALE');
INSERT INTO actor VALUES ('Louie Anderson', 39, 'MALE');
INSERT INTO actor VALUES ('Richard Dean Anderson', 36, 'FEMALE');
INSERT INTO actor VALUES ('Sam Anderson', 37, 'FEMALE');
INSERT INTO actor VALUES ('Warner Anderson', 45, 'MALE');
INSERT INTO actor VALUES ('Keith Andes', 22, 'FEMALE');
INSERT INTO actor VALUES ('Dino Andrade', 96, 'MALE');
INSERT INTO actor VALUES ('Cooper Andrews', 52, 'MALE');
INSERT INTO actor VALUES ('Dana Andrews', 56, 'MALE');
INSERT INTO actor VALUES ('Edward Andrews', 9, 'MALE');
INSERT INTO actor VALUES ('George Lee Andrews', 14, 'MALE');
INSERT INTO actor VALUES ('Giuseppe Andrews', 56, 'FEMALE');
INSERT INTO actor VALUES ('Stanley Andrews', 54, 'MALE');
INSERT INTO actor VALUES ('Tige Andrews', 88, 'MALE');
INSERT INTO actor VALUES ('Tod Andrews', 83, 'FEMALE');
INSERT INTO actor VALUES ('Michael Angarano', 63, 'FEMALE');
INSERT INTO actor VALUES ('Jack Angel', 71, 'MALE');
INSERT INTO actor VALUES ('John Aniston', 19, 'MALE');
INSERT INTO actor VALUES ('Paul Anka', 81, 'MALE');
INSERT INTO actor VALUES ('Morris Ankrum', 90, 'MALE');
INSERT INTO actor VALUES ('Michael Ansara', 20, 'FEMALE');
INSERT INTO actor VALUES ('Gerald Anthony', 21, 'FEMALE');
INSERT INTO actor VALUES ('Joseph Anthony', 31, 'MALE');
INSERT INTO actor VALUES ('Marc Anthony', 34, 'MALE');
INSERT INTO actor VALUES ('Greg Antonacci', 46, 'FEMALE');
INSERT INTO actor VALUES ('Emile de Antonio', 76, 'FEMALE');
INSERT INTO actor VALUES ('Lou Antonio', 18, 'FEMALE');
INSERT INTO actor VALUES ('Harry Antrim', 83, 'FEMALE');
INSERT INTO actor VALUES ('Hy Anzell', 87, 'MALE');
INSERT INTO actor VALUES ('Perry Anzilotti', 82, 'FEMALE');
INSERT INTO actor VALUES ('Alfred Apaka', 7, 'MALE');
INSERT INTO actor VALUES ('Judd Apatow', 8, 'FEMALE');
INSERT INTO actor VALUES ('Apesanahkwat', 98, 'MALE');
INSERT INTO actor VALUES ('Oscar Apfel', 82, 'FEMALE');
INSERT INTO actor VALUES ('Stephen Apostolina', 0, 'FEMALE');
INSERT INTO actor VALUES ('Sam Appel', 96, 'MALE');
INSERT INTO actor VALUES ('Royce D. Applegate', 41, 'FEMALE');
INSERT INTO actor VALUES ('Marshall Applewhite', 12, 'MALE');
INSERT INTO actor VALUES ('Tomas Arana', 79, 'MALE');
INSERT INTO actor VALUES ('Ray Aranha', 6, 'MALE');
INSERT INTO actor VALUES ('Jack Aranson', 85, 'MALE');
INSERT INTO actor VALUES ('Maclyn Arbuckle', 18, 'FEMALE');
INSERT INTO actor VALUES ('Roscoe Arbuckle', 14, 'FEMALE');
INSERT INTO actor VALUES ('Sebastian Arcelus', 7, 'FEMALE');
INSERT INTO actor VALUES ('John Archer (actor)', 72, 'FEMALE');
INSERT INTO actor VALUES ('Robert Arden', 91, 'FEMALE');
INSERT INTO actor VALUES ('Lee Arenberg', 49, 'MALE');
INSERT INTO actor VALUES ('Geoffrey Arend', 53, 'MALE');
INSERT INTO actor VALUES ('Maurice Argent', 47, 'FEMALE');
INSERT INTO actor VALUES ('Carmen Argenziano', 29, 'MALE');
INSERT INTO actor VALUES ('Victor Argo', 72, 'MALE');
INSERT INTO actor VALUES ('Moisés Arias', 76, 'FEMALE');
INSERT INTO actor VALUES ('Adam Arkin', 71, 'FEMALE');
INSERT INTO actor VALUES ('Alan Arkin', 87, 'FEMALE');
INSERT INTO actor VALUES ('David Arkin', 12, 'MALE');
INSERT INTO actor VALUES ('John Arledge', 61, 'FEMALE');
INSERT INTO actor VALUES ('Richard Arlen', 59, 'FEMALE');
INSERT INTO actor VALUES ('Pedro Armendáriz', 38, 'FEMALE');
INSERT INTO actor VALUES ('Henry Armetta', 2, 'FEMALE');
INSERT INTO actor VALUES ('Fred Armisen', 68, 'MALE');
INSERT INTO actor VALUES ('Brent Armitage', 32, 'MALE');
INSERT INTO actor VALUES ('Russell Arms', 69, 'FEMALE');
INSERT INTO actor VALUES ('Billie Joe Armstrong', 77, 'MALE');
INSERT INTO actor VALUES ('Curtis Armstrong', 44, 'MALE');
INSERT INTO actor VALUES ('Louis Armstrong', 50, 'FEMALE');
INSERT INTO actor VALUES ('Matthew John Armstrong', 7, 'MALE');

INSERT INTO movie VALUES ('Babar: The Movie', 35);
INSERT INTO movie VALUES ('Babar: King of the Elephants', 51);
INSERT INTO movie VALUES ('Babe', 9);
INSERT INTO movie VALUES ('Babe: Pig in the City', 46);
INSERT INTO movie VALUES ('Babe, The', 79);
INSERT INTO movie VALUES ('Babylon A.D', 89);
INSERT INTO movie VALUES ('Bachelor Mother', 55);
INSERT INTO movie VALUES ('Bachelorette', 6);
INSERT INTO movie VALUES ('Back to School', 97);
INSERT INTO movie VALUES ('Back to School with Franklin', 98);
INSERT INTO movie VALUES ('Back to the Future', 40);
INSERT INTO movie VALUES ('Back to the Future Part II', 0);
INSERT INTO movie VALUES ('Back to the Future Part III', 91);
INSERT INTO movie VALUES ('Backdraft', 74);
INSERT INTO movie VALUES ('Bad and the Beautiful, The', 97);
INSERT INTO movie VALUES ('Bad Boys II', 54);
INSERT INTO movie VALUES ('Bad Day at Black Rock', 15);
INSERT INTO movie VALUES ('Bad Santa', 3);
INSERT INTO movie VALUES ('Bad Taste', 18);
INSERT INTO movie VALUES ('Badlands', 87);
INSERT INTO movie VALUES ('Balto', 78);
INSERT INTO movie VALUES ('Bambi', 87);
INSERT INTO movie VALUES ('Bambi II', 26);
INSERT INTO movie VALUES ('Bananas', 57);
INSERT INTO movie VALUES ('Barbarella', 4);
INSERT INTO movie VALUES ('Barbecue Brawl', 74);
INSERT INTO movie VALUES ('Barcelona', 52);
INSERT INTO movie VALUES ('Barneys Great Adventure', 35);
INSERT INTO movie VALUES ('Barry Lyndon', 81);
INSERT INTO movie VALUES ('Barton Fink', 64);
INSERT INTO movie VALUES ('BASEketball', 98);
INSERT INTO movie VALUES ('Basic Instinct', 93);
INSERT INTO movie VALUES ('Basic Instinct 2', 11);
INSERT INTO movie VALUES ('Batman Begins', 91);
INSERT INTO movie VALUES ('Batman Forever', 80);
INSERT INTO movie VALUES ('Batman Returns', 49);
INSERT INTO movie VALUES ('Batman and Robin', 45);
INSERT INTO movie VALUES ('Batman v Superman: Dawn of Justice', 27);
INSERT INTO movie VALUES ('Battle: Los Angeles', 74);
INSERT INTO movie VALUES ('Battle of San Pietro, The', 47);
INSERT INTO movie VALUES ('Battle Royale', 59);
INSERT INTO movie VALUES ('Be Kind Rewind', 5);
INSERT INTO movie VALUES ('Beach, The', 50);
INSERT INTO movie VALUES ('Beaches', 78);
INSERT INTO movie VALUES ('Beasts of the Southern Wild', 35);
INSERT INTO movie VALUES ('Beast of Yucca Flats, The', 53);
INSERT INTO movie VALUES ('Beautiful Girls', 51);
INSERT INTO movie VALUES ('Beautiful Mind, A', 30);
INSERT INTO movie VALUES ('Beautiful Thing', 43);
INSERT INTO movie VALUES ('Beavis and Butthead Do America', 29);
INSERT INTO movie VALUES ('Becoming Jane', 53);
INSERT INTO movie VALUES ('Bedknobs and Broomsticks', 59);
INSERT INTO movie VALUES ('Bedtime Stories', 61);
INSERT INTO movie VALUES ('Bee Movie', 98);
INSERT INTO movie VALUES ('Bee Season', 42);
INSERT INTO movie VALUES ('Beerfest', 40);
INSERT INTO movie VALUES ('Beetlejuice', 42);
INSERT INTO movie VALUES ('Before Midnight', 84);
INSERT INTO movie VALUES ('Before Sunrise', 24);
INSERT INTO movie VALUES ('Before Sunset', 36);
INSERT INTO movie VALUES ('Beginners', 16);
INSERT INTO movie VALUES ('Behind Enemy Lines', 1);
INSERT INTO movie VALUES ('Behind the Candelabra', 88);
INSERT INTO movie VALUES ('Being John Malkovich', 51);
INSERT INTO movie VALUES ('Being There', 42);
INSERT INTO movie VALUES ('Believer, The', 98);
INSERT INTO movie VALUES ('Ben 10: Alien Swarm', 37);
INSERT INTO movie VALUES ('Ben 10: Destroy All Aliens', 2);
INSERT INTO movie VALUES ('Ben 10: Race Against Time', 70);
INSERT INTO movie VALUES ('Ben 10: Secret of the Omnitrix', 43);
INSERT INTO movie VALUES ('Bend It Like Beckham', 65);
INSERT INTO movie VALUES ('Benny & Joon', 50);
INSERT INTO movie VALUES ('Beowulf', 31);
INSERT INTO movie VALUES ('Best in Show', 13);
INSERT INTO movie VALUES ('Best Laid Plans', 32);
INSERT INTO movie VALUES ('Best Little Whorehouse in Texas, The', 47);
INSERT INTO movie VALUES ('Best Years of Our Lives, The', 46);
INSERT INTO movie VALUES ('Better Off Dead', 24);
INSERT INTO movie VALUES ('Better Than Chocolate', 65);
INSERT INTO movie VALUES ('Better Tomorrow, A', 72);
INSERT INTO movie VALUES ('Beverly Hills Chihuahua', 76);
INSERT INTO movie VALUES ('Beverly Hills Cop II', 90);
INSERT INTO movie VALUES ('Beverly Hills Cop III', 81);
INSERT INTO movie VALUES ('Beyond the Valley of the Dolls', 25);
INSERT INTO movie VALUES ('Bicentennial Man', 87);
INSERT INTO movie VALUES ('Bicycle Thieves', 56);
INSERT INTO movie VALUES ('Big', 35);
INSERT INTO movie VALUES ('Big Chill, The', 44);
INSERT INTO movie VALUES ('Big Daddy', 67);
INSERT INTO movie VALUES ('Big Easy, The', 66);
INSERT INTO movie VALUES ('Big Fat Liar', 26);
INSERT INTO movie VALUES ('Big Fish', 27);
INSERT INTO movie VALUES ('Big Hero 6', 37);
INSERT INTO movie VALUES ('Big Lebowski, The', 15);
INSERT INTO movie VALUES ('Big Night', 70);
INSERT INTO movie VALUES ('Big Short, The', 10);
INSERT INTO movie VALUES ('Big Time Movie', 91);
INSERT INTO movie VALUES ('Big Top Bunny', 33);
INSERT INTO movie VALUES ('Big Top Pee-wee', 26);
INSERT INTO movie VALUES ('Big Trouble', 43);
INSERT INTO movie VALUES ('Big Trouble in Little China', 76);
INSERT INTO movie VALUES ('Bill and Teds Bogus Journey', 2);
INSERT INTO movie VALUES ('Bill and Teds Excellent Adventure', 39);
INSERT INTO movie VALUES ('Billy & Mandys Big Boogey Adventure', 16);
INSERT INTO movie VALUES ('Billy Madison', 14);
INSERT INTO movie VALUES ('Birdman', 69);
INSERT INTO movie VALUES ('Birds of a Father', 92);
INSERT INTO movie VALUES ('Birds, The', 2);
INSERT INTO movie VALUES ('Black Book', 41);
INSERT INTO movie VALUES ('Black Hawk Down', 36);
INSERT INTO movie VALUES ('Black Hole, The', 37);
INSERT INTO movie VALUES ('BlacKkKlansman', 75);
INSERT INTO movie VALUES ('Black Panther', 71);
INSERT INTO movie VALUES ('Black Rain', 94);
INSERT INTO movie VALUES ('Black Sheep', 48);
INSERT INTO movie VALUES ('Black Swan', 59);
INSERT INTO movie VALUES ('Blade', 15);
INSERT INTO movie VALUES ('Blade II', 36);
INSERT INTO movie VALUES ('Blade Runner', 40);
INSERT INTO movie VALUES ('Blade: Trinity', 18);
INSERT INTO movie VALUES ('Blades of Glory', 37);
INSERT INTO movie VALUES ('Blair Witch Project, The', 80);
INSERT INTO movie VALUES ('Blazing Saddles', 44);
INSERT INTO movie VALUES ('Blood Diamond', 53);
INSERT INTO movie VALUES ('Blood Feast', 58);
INSERT INTO movie VALUES ('Blood on Satans Claw, The', 95);
INSERT INTO movie VALUES ('Blood Simple', 23);
INSERT INTO movie VALUES ('Blow', 22);
INSERT INTO movie VALUES ('Blow Out', 45);
INSERT INTO movie VALUES ('Blue Collar', 41);
INSERT INTO movie VALUES ('Blue Lagoon, The', 5);
INSERT INTO movie VALUES ('Blue Jasmine', 49);
INSERT INTO movie VALUES ('Blue Velvet', 54);
INSERT INTO movie VALUES ('Blues Big Musical Movie', 29);
INSERT INTO movie VALUES ('Blues Brothers, The', 80);
INSERT INTO movie VALUES ('Blues Brothers 2000', 41);
INSERT INTO movie VALUES ('Bohemian Rhapsody', 96);
INSERT INTO movie VALUES ('Body Heat', 84);
INSERT INTO movie VALUES ('Body of Lies', 68);
INSERT INTO movie VALUES ('Boiler Room', 23);
INSERT INTO movie VALUES ('Bold Caballero, The', 41);
INSERT INTO movie VALUES ('Bonnie and Clyde', 47);
INSERT INTO movie VALUES ('Boogeyman', 67);
INSERT INTO movie VALUES ('Book of Life, The', 80);
INSERT INTO movie VALUES ('Book of Pooh: Stories from the Heart, The', 88);
INSERT INTO movie VALUES ('Book of Shadows: Blair Witch 2', 91);
INSERT INTO movie VALUES ('Book Thief, The', 24);
INSERT INTO movie VALUES ('Boondock Saints, The', 70);
INSERT INTO movie VALUES ('Borat: Cultural Learnings of America for Make Benefit Glorious Nation of Kazakhstan', 48);
INSERT INTO movie VALUES ('Born on the Fourth of July', 16);
INSERT INTO movie VALUES ('Bottle Rocket', 5);
INSERT INTO movie VALUES ('Bound', 30);
INSERT INTO movie VALUES ('Bourne Identity, The', 70);
INSERT INTO movie VALUES ('Bourne Legacy, The', 19);
INSERT INTO movie VALUES ('Bourne Supremacy, The', 20);
INSERT INTO movie VALUES ('Bourne Ultimatum, The', 61);
INSERT INTO movie VALUES ('Bowling for Columbine', 83);
INSERT INTO movie VALUES ('Box-Office Bunny', 51);
INSERT INTO movie VALUES ('Boy Named Charlie Brown, A', 80);
INSERT INTO movie VALUES ('Boyhood', 75);
INSERT INTO movie VALUES ('Boys from Brazil, The', 17);
INSERT INTO movie VALUES ('Boys Next Door, The', 70);
INSERT INTO movie VALUES ('Boys Town', 20);
INSERT INTO movie VALUES ('Boyz n the Hood', 72);
INSERT INTO movie VALUES ('Braindead', 2);
INSERT INTO movie VALUES ('Brassed Off', 62);
INSERT INTO movie VALUES ('Braveheart', 78);
INSERT INTO movie VALUES ('Brave Little Toaster, The', 25);
INSERT INTO movie VALUES ('Brazil', 22);
INSERT INTO movie VALUES ('Breakfast at Tiffanys', 76);
INSERT INTO movie VALUES ('Breakfast Club, The', 65);
INSERT INTO movie VALUES ('Breaking Away', 11);
INSERT INTO movie VALUES ('Breaking Up', 8);
INSERT INTO movie VALUES ('Brians Song', 81);
INSERT INTO movie VALUES ('Bride of Chucky', 22);
INSERT INTO movie VALUES ('Bride Wars', 93);
INSERT INTO movie VALUES ('Bridge of Spies', 92);
INSERT INTO movie VALUES ('Bridge on the River Kwai, The', 92);
INSERT INTO movie VALUES ('Bridget Joness Diary', 90);
INSERT INTO movie VALUES ('Bring It On', 23);
INSERT INTO movie VALUES ('Bring Me the Head of Alfredo Garcia', 22);
INSERT INTO movie VALUES ('Bringing Up Baby', 89);
INSERT INTO movie VALUES ('Broadcast News', 30);
INSERT INTO movie VALUES ('Brokeback Mountain', 29);
INSERT INTO movie VALUES ('Broken Arrow', 25);
INSERT INTO movie VALUES ('Bronx Tale, A', 89);
INSERT INTO movie VALUES ('Brooklyn', 23);
INSERT INTO movie VALUES ('Brother Bear', 65);
INSERT INTO movie VALUES ('Brother Bear 2', 44);
INSERT INTO movie VALUES ('Brothers Grimm, The', 34);
INSERT INTO movie VALUES ('Brothers McMullen, The', 11);
INSERT INTO movie VALUES ('Brothers Solomon, The', 44);
INSERT INTO movie VALUES ('Brubaker', 66);
INSERT INTO movie VALUES ('Bruce Almighty', 91);
INSERT INTO movie VALUES ('Buckaroo Banzai', 89);
INSERT INTO movie VALUES ('Bucket List, The', 42);
INSERT INTO movie VALUES ('Buffalo 66', 20);
INSERT INTO movie VALUES ('Buffy the Vampire Slayer', 61);
INSERT INTO movie VALUES ('Bug', 43);
INSERT INTO movie VALUES ('Bugs Life, A', 54);
INSERT INTO movie VALUES ('Bull Durham', 54);
INSERT INTO movie VALUES ('Bullfighters, The', 28);
INSERT INTO movie VALUES ('Bullitt', 7);
INSERT INTO movie VALUES ('Burn After Reading', 1);
INSERT INTO movie VALUES ('But Im a Cheerleader', 42);
INSERT INTO movie VALUES ('Butch Cassidy and the Sundance Kid', 83);
INSERT INTO movie VALUES ('Butterfly Effect, The', 93);
INSERT INTO movie VALUES ('By Da', 51);

INSERT INTO castIn VALUES ('Fred Allen', 'Ben 10: Alien Swarm', 164);
INSERT INTO castIn VALUES ('Sebastian Arcelus', 'Bug', 859);
INSERT INTO castIn VALUES ('Oscar Apfel', 'Birds, The', 483);
INSERT INTO castIn VALUES ('Russell Arms', 'Beverly Hills Cop III', 781);
INSERT INTO castIn VALUES ('Aki Aleong', 'Being There', 433);
INSERT INTO castIn VALUES ('Michael Angarano', 'Bride of Chucky', 127);
INSERT INTO castIn VALUES ('Matthew John Armstrong', 'Bourne Identity, The', 487);
INSERT INTO castIn VALUES ('Jimmie Adams', 'Bad Day at Black Rock', 572);
INSERT INTO castIn VALUES ('Scott Adsit', 'Bruce Almighty', 709);
INSERT INTO castIn VALUES ('Granville Adams', 'Buckaroo Banzai', 421);
INSERT INTO castIn VALUES ('Tomas Arana', 'Benny & Joon', 336);
INSERT INTO castIn VALUES ('Rex Allen', 'Badlands', 48);
INSERT INTO castIn VALUES ('Murray Alper', 'Blood on Satans Claw, The', 874);
INSERT INTO castIn VALUES ('Paul America', 'Bill and Teds Excellent Adventure', 380);
INSERT INTO castIn VALUES ('Perry Anzilotti', 'Batman Returns', 157);
INSERT INTO castIn VALUES ('George Alvarez', 'Bananas', 265);
INSERT INTO castIn VALUES ('Sam Anderson', 'Black Sheep', 758);
INSERT INTO castIn VALUES ('Seth Adkins', 'Babe: Pig in the City', 96);
INSERT INTO castIn VALUES ('Gary Albright', 'Bourne Supremacy, The', 19);
INSERT INTO castIn VALUES ('Alejandro Alcondez', 'Brother Bear 2', 296);
INSERT INTO castIn VALUES ('Jace Alexander', 'Before Sunrise', 793);
INSERT INTO castIn VALUES ('Mason Adams', 'Blade II', 177);
INSERT INTO castIn VALUES ('Alan Alda', 'Bohemian Rhapsody', 644);
INSERT INTO castIn VALUES ('Russell Arms', 'Beverly Hills Cop III', 411);
INSERT INTO castIn VALUES ('Luther Adler', 'Beast of Yucca Flats, The', 488);
INSERT INTO castIn VALUES ('Lew Anderson', 'Big Time Movie', 796);
INSERT INTO castIn VALUES ('Morey Amsterdam', 'Broadcast News', 987);
INSERT INTO castIn VALUES ('Stanley Andrews', 'Bowling for Columbine', 990);
INSERT INTO castIn VALUES ('Paul Anka', 'Bedtime Stories', 986);
INSERT INTO castIn VALUES ('Jim Ameche', 'Buffy the Vampire Slayer', 909);
INSERT INTO castIn VALUES ('Brent Armitage', 'Brothers Grimm, The', 264);
INSERT INTO castIn VALUES ('Lee Arenberg', 'Black Rain', 559);
INSERT INTO castIn VALUES ('Ike Altgens', 'Bridge of Spies', 109);
INSERT INTO castIn VALUES ('Brent Armitage', 'Brothers Grimm, The', 179);
INSERT INTO castIn VALUES ('Rico Alaniz', 'Blade: Trinity', 878);
INSERT INTO castIn VALUES ('Philip Ahn', 'Battle Royale', 623);
INSERT INTO castIn VALUES ('Don Adams', 'Brooklyn', 878);
INSERT INTO castIn VALUES ('Matthew John Armstrong', 'Bourne Identity, The', 305);
INSERT INTO castIn VALUES ('Dino Andrade', 'Brassed Off', 287);
INSERT INTO castIn VALUES ('Woody Allen', 'Bicentennial Man', 644);
INSERT INTO castIn VALUES ('Billie Joe Armstrong', 'BASEketball', 868);
INSERT INTO castIn VALUES ('Claude Akins', 'Beyond the Valley of the Dolls', 454);
INSERT INTO castIn VALUES ('Lou Antonio', 'Beautiful Girls', 467);
INSERT INTO castIn VALUES ('Lyle Alzado', 'Black Book', 599);
INSERT INTO castIn VALUES ('Paul Anka', 'Bedtime Stories', 213);
INSERT INTO castIn VALUES ('Louis Armstrong', 'Big Top Pee-wee', 474);
INSERT INTO castIn VALUES ('Stephen Apostolina', 'Boogeyman', 681);
INSERT INTO castIn VALUES ('Liam Aiken', 'Beach, The', 329);
INSERT INTO castIn VALUES ('Phillip R. Allen', 'Babe, The', 696);
INSERT INTO castIn VALUES ('Cooper Andrews', 'Body Heat', 939);
INSERT INTO castIn VALUES ('John Archer (actor)', 'Blood Diamond', 262);
INSERT INTO castIn VALUES ('Gerald Anthony', 'Barry Lyndon', 668);
INSERT INTO castIn VALUES ('Luis Alberni', 'Book of Shadows: Blair Witch 2', 323);
INSERT INTO castIn VALUES ('Bobby Alto', 'Birdman', 727);
INSERT INTO castIn VALUES ('Don Adams', 'Brooklyn', 674);
INSERT INTO castIn VALUES ('Morris Ankrum', 'Blues Brothers, The', 586);
INSERT INTO castIn VALUES ('Frank Aletter', 'Behind Enemy Lines', 413);
INSERT INTO castIn VALUES ('Franklin Adreon', 'Big Daddy', 27);
INSERT INTO castIn VALUES ('Haskell V. Anderson III', 'Big Trouble in Little China', 424);
INSERT INTO castIn VALUES ('Michael Ansara', 'Big Fish', 953);
INSERT INTO castIn VALUES ('Ray Aranha', 'Bound', 854);
INSERT INTO castIn VALUES ('Maclyn Arbuckle', 'Babylon A.D', 101);
INSERT INTO castIn VALUES ('Lee Arenberg', 'Black Rain', 27);
INSERT INTO castIn VALUES ('Lee Arenberg', 'Black Rain', 67);
INSERT INTO castIn VALUES ('Alfred Apaka', 'Blood Feast', 583);
INSERT INTO castIn VALUES ('Jason Alexander', 'Brubaker', 308);
INSERT INTO castIn VALUES ('Alan Alda', 'Bohemian Rhapsody', 152);
INSERT INTO castIn VALUES ('Oscar Apfel', 'Birds, The', 370);
INSERT INTO castIn VALUES ('Michael Ansara', 'Big Fish', 840);
INSERT INTO castIn VALUES ('John Arledge', 'Bugs Life, A', 197);
INSERT INTO castIn VALUES ('Paul Adelstein', 'Bridget Joness Diary', 409);
INSERT INTO castIn VALUES ('Franklyn Ajaye', 'Battle of San Pietro, The', 187);
INSERT INTO castIn VALUES ('Sheldon Allman', 'Butterfly Effect, The', 196);
INSERT INTO castIn VALUES ('Ed Amatrudo', 'Brothers Solomon, The', 973);
INSERT INTO castIn VALUES ('Philip Amelio', 'Bachelorette', 676);
INSERT INTO castIn VALUES ('William Alland', 'Big Easy, The', 100);
INSERT INTO castIn VALUES ('John Patrick Amedori', 'Bad and the Beautiful, The', 574);
INSERT INTO castIn VALUES ('John Archer (actor)', 'Blood Diamond', 541);
INSERT INTO castIn VALUES ('Carmen Argenziano', 'Blue Velvet', 977);
INSERT INTO castIn VALUES ('Jay Adler', 'Bride Wars', 45);
INSERT INTO castIn VALUES ('Anthony Addabbo', 'Bullfighters, The', 128);
INSERT INTO castIn VALUES ('Marc Anthony', 'Bring Me the Head of Alfredo Garcia', 743);
INSERT INTO castIn VALUES ('Jerry Adler', 'Beavis and Butthead Do America', 997);
INSERT INTO castIn VALUES ('Jace Alexander', 'Before Sunrise', 332);
INSERT INTO castIn VALUES ('Ed Alberian', 'Back to School with Franklin', 854);
INSERT INTO castIn VALUES ('Fred Aldrich', 'Ben 10: Secret of the Omnitrix', 137);
INSERT INTO castIn VALUES ('Eddie Anderson', 'Book of Pooh: Stories from the Heart, The', 262);
INSERT INTO castIn VALUES ('Paul America', 'Bill and Teds Excellent Adventure', 585);
INSERT INTO castIn VALUES ('John G. Adolfi', 'Bull Durham', 914);
INSERT INTO castIn VALUES ('Judd Apatow', 'Bring It On', 353);
INSERT INTO castIn VALUES ('Greg Antonacci', 'Big Hero 6', 672);
INSERT INTO castIn VALUES ('Dino Andrade', 'Brassed Off', 979);
INSERT INTO castIn VALUES ('Tod Andrews', 'Behind the Candelabra', 283);
INSERT INTO castIn VALUES ('Warner Anderson', 'Becoming Jane', 89);
INSERT INTO castIn VALUES ('Aki Aleong', 'Being There', 677);
INSERT INTO castIn VALUES ('Lyle Alzado', 'Black Book', 612);
INSERT INTO castIn VALUES ('John Patrick Amedori', 'Bad and the Beautiful, The', 882);
INSERT INTO castIn VALUES ('Eddie Anderson', 'Book of Pooh: Stories from the Heart, The', 545);
INSERT INTO castIn VALUES ('Casey Affleck', 'But Im a Cheerleader', 851);
INSERT INTO castIn VALUES ('Rex Allen', 'Badlands', 633);
INSERT INTO castIn VALUES ('Marshall Applewhite', 'Be Kind Rewind', 577);
INSERT INTO castIn VALUES ('Henry Armetta', 'Ben 10: Destroy All Aliens', 824);
INSERT INTO castIn VALUES ('Cooper Andrews', 'Body Heat', 449);
INSERT INTO castIn VALUES ('Thom Adcox-Hernandez', 'Bucket List, The', 272);
INSERT INTO castIn VALUES ('Curtis Armstrong', 'Batman Begins', 774);
INSERT INTO castIn VALUES ('William Alland', 'Big Easy, The', 514);
INSERT INTO castIn VALUES ('Jack Angel', 'Billy & Mandys Big Boogey Adventure', 313);
INSERT INTO castIn VALUES ('Frank Albertson', 'Blow Out', 914);
INSERT INTO castIn VALUES ('Perry Anzilotti', 'Batman Returns', 455);
INSERT INTO castIn VALUES ('Maclyn Arbuckle', 'Babylon A.D', 80);
INSERT INTO castIn VALUES ('George Alvarez', 'Bananas', 61);
INSERT INTO castIn VALUES ('Lawrence Adisal', 'Babar: King of the Elephants', 574);
INSERT INTO castIn VALUES ('Dana Andrews', 'Beowulf', 933);
INSERT INTO castIn VALUES ('Harry Anderson', 'Batman Forever', 275);
INSERT INTO castIn VALUES ('Alan Alda', 'Bohemian Rhapsody', 667);
INSERT INTO castIn VALUES ('Marshall Applewhite', 'Be Kind Rewind', 781);
INSERT INTO castIn VALUES ('Don Adams', 'Brooklyn', 676);
INSERT INTO castIn VALUES ('Stephen Apostolina', 'Boogeyman', 261);
INSERT INTO castIn VALUES ('Victor Adamson', 'Bachelor Mother', 922);
INSERT INTO castIn VALUES ('Frank Albertson', 'Blow Out', 82);
INSERT INTO castIn VALUES ('Adam Arkin', 'Big Short, The', 836);
INSERT INTO castIn VALUES ('Jack Angel', 'Billy & Mandys Big Boogey Adventure', 353);
INSERT INTO castIn VALUES ('Seth Adkins', 'Babe: Pig in the City', 466);
INSERT INTO castIn VALUES ('Christopher Allport', 'Blood Simple', 496);
INSERT INTO castIn VALUES ('Spottiswoode Aitken', 'Book of Life, The', 542);
INSERT INTO castIn VALUES ('Buck Adams', 'Back to the Future Part III', 140);
INSERT INTO castIn VALUES ('Bobby Alto', 'Birdman', 216);
INSERT INTO castIn VALUES ('John Arledge', 'Bugs Life, A', 114);
INSERT INTO castIn VALUES ('Erville Alderson', 'Big Fat Liar', 877);
INSERT INTO castIn VALUES ('Sam Appel', 'Beerfest', 382);
INSERT INTO castIn VALUES ('Frank Albertson', 'Blow Out', 957);
INSERT INTO castIn VALUES ('Rico Alaniz', 'Blade: Trinity', 333);
INSERT INTO castIn VALUES ('Thom Adcox-Hernandez', 'Bucket List, The', 524);
INSERT INTO castIn VALUES ('Kirk Alyn', 'Battle: Los Angeles', 550);
INSERT INTO castIn VALUES ('William Alland', 'Big Easy, The', 466);
INSERT INTO castIn VALUES ('Erville Alderson', 'Big Fat Liar', 41);
INSERT INTO castIn VALUES ('Sebastian Arcelus', 'Bug', 816);
INSERT INTO castIn VALUES ('Maclyn Arbuckle', 'Babylon A.D', 399);
INSERT INTO castIn VALUES ('Granville Adams', 'Buckaroo Banzai', 400);
INSERT INTO castIn VALUES ('Emile de Antonio', 'Big Chill, The', 925);
INSERT INTO castIn VALUES ('Ross Alexander', 'Babar: The Movie', 263);
INSERT INTO castIn VALUES ('Victor Adamson', 'Bachelor Mother', 142);
INSERT INTO castIn VALUES ('Michael Angarano', 'Bride of Chucky', 202);
INSERT INTO castIn VALUES ('J. Grant Albrecht', 'Breakfast at Tiffanys', 916);
INSERT INTO castIn VALUES ('Charlie Adler', 'Boys from Brazil, The', 427);
INSERT INTO castIn VALUES ('Haskell V. Anderson III', 'Big Trouble in Little China', 598);
INSERT INTO castIn VALUES ('Tim Allen', 'Ben 10: Race Against Time', 917);
INSERT INTO castIn VALUES ('Jace Alexander', 'Before Sunrise', 26);
INSERT INTO castIn VALUES ('Franklyn Ajaye', 'Battle of San Pietro, The', 550);
INSERT INTO castIn VALUES ('Seth Adkins', 'Babe: Pig in the City', 947);
INSERT INTO castIn VALUES ('Apesanahkwat', 'Blue Collar', 964);
INSERT INTO castIn VALUES ('Robert Agnew', 'Big Night', 357);
INSERT INTO castIn VALUES ('Fred Armisen', 'Bee Season', 420);
INSERT INTO castIn VALUES ('Frank Albertson', 'Blow Out', 986);
INSERT INTO castIn VALUES ('Corey Allen', 'Bambi II', 602);
INSERT INTO castIn VALUES ('Tod Andrews', 'Behind the Candelabra', 977);
INSERT INTO castIn VALUES ('Corey Allen', 'Bambi II', 550);
INSERT INTO castIn VALUES ('Fred Allen', 'Ben 10: Alien Swarm', 500);
INSERT INTO castIn VALUES ('Geoffrey Arend', 'Big', 935);
INSERT INTO castIn VALUES ('Hardie Bum', 'Back to the Future', 2);
INSERT INTO castIn VALUES ('Hardie Albright', 'Back to the Future', 365);
INSERT INTO castIn VALUES ('Ike Altgens', 'Bridge of Spies', 140);

INSERT INTO castIn VALUES ('Wesley Addy', 'Best Years of Our Lives, The', 804);
INSERT INTO castIn VALUES ('Ike Altgens', 'Best Years of Our Lives, The', 2);
INSERT INTO castIn VALUES ('Lester Allen', 'Best Years of Our Lives, The', 3);
INSERT INTO castIn VALUES ('Alan Alda', 'Best Years of Our Lives, The', 4);
INSERT INTO castIn VALUES ('Fred Allen', 'Best Years of Our Lives, The', 5);
INSERT INTO castIn VALUES ('Geoffrey Arend', 'Best Years of Our Lives, The', 5);

INSERT INTO castIn VALUES ('Ike Altgens', 'Barbarella', 1);
INSERT INTO castIn VALUES ('Fred Allen', 'Barbarella', 2);
INSERT INTO castIn VALUES ('Lester Allen', 'Barbarella', 3);
INSERT INTO castIn VALUES ('Alan Alda', 'Barbarella', 4);